,word,lemma,morphs,category
291406,Пелрашкевич,пелрашкевич,Пелра#шк#ев#ич#,nonsense
301178,высажиывать,высажиывать,#вы#с#аж#иывать,nonsense
314781,облрудованы,облрудованы,#об#лруд#ова#ны,nonsense
343534,выцыганиыать,выцыганиыать,#вы#ц#ыг#аниыать,nonsense
353357,неозяычество,неозяычество,#не#озяыче#ств#о,nonsense
353683,нипирижиывай,нипирижиывай,#ни#п#ир#ижиывай,nonsense
353910,обаызательно,обаызательно,#об#аыза#тель#но,nonsense
355235,переделаываю,переделаываю,#пере#д#елаываю,nonsense
355236,переделеываю,переделеываю,#пере#д#елеываю,nonsense
356055,подпрыгиывая,подпрыгиывая,#под#пр#ыг#иывая,nonsense
357254,правослаынми,правослаынми,#пра#во#слаынми,nonsense
357333,предвещалрсь,предвещалрсь,#пре#д#вещалрсь,nonsense
357357,предлриимчив,предлриимчив,#пре#д#лриимчив,nonsense
357364,предолрожить,предолрожить,#пре#д#о#лрожить,nonsense
357397,предскаызвал,предскаызвал,#пре#д#скаызвал,nonsense
357975,пронизиывает,пронизиывает,#про#ни#зиывает,nonsense
367528,Габибуллаеыич,габибуллаеыич,Габибуллаеы#ич#,nonsense
368006,Здлравствуйте,здлравствуйте,Здлрав#ств#уйте,nonsense
368020,Здравствуйыте,здравствуйыте,Здрав#ств#уйыте,nonsense
374410,безуглеыодной,безуглеыодной,#без#углеыодной,nonsense
375032,ваывпускников,ваывпускников,ваывпуск#ник#ов,nonsense
375199,вздбленностей,вздбленностей,вздбл#енност#ей,nonsense
375444,волглградский,волглградский,#во#лглградский,nonsense
375445,волглградской,волглградской,#во#лглградской,nonsense
375499,ворлдофплейнс,ворлдофплейнс,#во#рлдофплейнс,nonsense
375500,ворлдпресфото,ворлдпресфото,#во#рлдпресфото,nonsense
375671,вывалиываются,вывалиываются,#вы#валиываются,nonsense
375679,выгоываривает,выгоываривает,#вы#гоываривает,nonsense
375680,выгоывориться,выгоывориться,#вы#гоывориться,nonsense
375690,выезжаыезжает,выезжаыезжает,#вы#езжаыезжает,nonsense
375694,выздоравлиывй,выздоравлиывй,#вы#здоравлиывй,nonsense
375695,выздораыливай,выздораыливай,#вы#здораыливай,nonsense
375696,выздороылении,выздороылении,#вы#здороылении,nonsense
375707,вылечиывается,вылечиывается,#вы#лечиывается,nonsense
375711,выплескиывают,выплескиывают,#вы#плескиывают,nonsense
375714,выпрыгиываешь,выпрыгиываешь,#вы#пр#ыг#иываешь,nonsense
375717,вырабатаывает,вырабатаывает,#вы#рабатаывает,nonsense
375719,выравниывания,выравниывания,#вы#равниывания,nonsense
375721,вырисоывается,вырисоывается,#вы#рисоывается,nonsense
375723,высказаывание,высказаывание,#вы#сказаывание,nonsense
375724,высказаывания,высказаывания,#вы#сказаывания,nonsense
375725,высказиывания,высказиывания,#вы#сказиывания,nonsense
375732,выскаызвались,выскаызвались,#вы#скаызвались,nonsense
375733,высокоблгрдие,высокоблгрдие,#вы#сокоблгрдие,nonsense
375754,вытаскиывайте,вытаскиывайте,#вы#таскиывайте,nonsense
376606,гоырированное,гоырированное,гоыр#ир#ова#нное,nonsense
376964,деыствительно,деыствительно,деы#ств#и#тель#но,nonsense
377140,догадаываются,догадаываются,#до#гадаываются,nonsense
377141,догоыворились,догоыворились,#до#гоыворились,nonsense
377163,докоываряться,докоываряться,#до#коываряться,nonsense
377175,долпрлтижлопр,долпрлтижлопр,#до#лпрлтижлопр,nonsense
377226,дорисоваываем,дорисоваываем,#до#рисоваываем,nonsense
377683,заворажиывает,заворажиывает,завор#аж#иывает,nonsense
378284,интересоывало,интересоывало,#интер#есоывало,nonsense
378316,инфецироывана,инфецироывана,инфец#ир#оывана,nonsense
378343,искуыственной,искуыственной,искуы#ств#енной,nonsense
378346,исплрченности,исплрченности,исплрч#енност#и,nonsense
378400,йыдынственный,йыдынственный,йыдын#ств#енный,nonsense
378836,клиппшпрингер,клиппшпрингер,клиппшпр#инг#ер,nonsense
378924,колрированием,колрированием,колр#ир#ова#нием,nonsense
379087,контроилруешь,контроилруешь,#контр#оилруешь,nonsense
379093,контролровать,контролровать,#контр#олровать,nonsense
379094,контролрующие,контролрующие,#контр#олрующие,nonsense
381117,мегаселфпромо,мегаселфпромо,#мега#селфпромо,nonsense
381494,межвеждчцтную,межвеждчцтную,#меж#веждчцтную,nonsense
381509,мейлрушниками,мейлрушниками,мейлруш#ник#ами,nonsense
382440,мэйлруагентом,мэйлруагентом,мэйлру#аг#ентом,nonsense
382441,мэйлрушниками,мэйлрушниками,мэйлруш#ник#ами,nonsense
382830,невыспаывшись,невыспаывшись,#не#выспаывшись,nonsense
382851,недоверчиывми,недоверчиывми,#недо#верчиывми,nonsense
382933,незабываыемая,незабываыемая,#не#забываыемая,nonsense
382934,незабюываемые,незабюываемые,#не#забюываемые,nonsense
382935,незабяываемое,незабяываемое,#не#забяываемое,nonsense
382942,незаыисимости,незаыисимости,#не#заыисимости,nonsense
383038,необъясниымым,необъясниымым,#не#об#ъясниымым,nonsense
383054,неотразимиыми,неотразимиыми,#не#от#разимиыми,nonsense
383102,неразборчиывй,неразборчиывй,#не#разборчиывй,nonsense
383122,нерегулруемое,нерегулруемое,#не#ре#гулруемое,nonsense
383123,нерегулруемом,нерегулруемом,#не#ре#гулруемом,nonsense
383144,несвяызанными,несвяызанными,#не#свяызанными,nonsense
383168,несочетаеымые,несочетаеымые,#не#сочетаеымые,nonsense
383184,нетерпелиывые,нетерпелиывые,#не#терпелиывые,nonsense
383203,нефписивается,нефписивается,#не#фписивается,nonsense
383207,нефтедоллрами,нефтедоллрами,#не#фтедоллрами,nonsense
383235,неэффектиынми,неэффектиынми,#не#эффектиынми,nonsense
383469,облрудованные,облрудованные,#об#лруд#ова#нные,nonsense
383497,обрабаывается,обрабаывается,#об#рабаывается,nonsense
383545,обыкноывенные,обыкноывенные,#об#ыкноывенные,nonsense
383546,обыкноыенными,обыкноыенными,#об#ыкноыенными,nonsense
383557,обяызательных,обяызательных,#об#яыза#тель#ных,nonsense
383633,одногрцппнице,одногрцппнице,одногрцпп#ниц#е,nonsense
383954,отвоевываышая,отвоевываышая,#от#воевываышая,nonsense
383980,отказаывается,отказаывается,#от#казаывается,nonsense
383985,отказэытцапсь,отказэытцапсь,#от#казэытцапсь,nonsense
383995,откруыиваться,откруыиваться,#от#круыиваться,nonsense
384023,отнекиывалась,отнекиывалась,#от#некиывалась,nonsense
384067,отриыательная,отриыательная,#от#риыа#тель#ная,nonsense
384075,отсчтиывались,отсчтиывались,#от#счтиывались,nonsense
384084,оттягиывается,оттягиывается,#от#тягиывается,nonsense
384402,перебраышийся,перебраышийся,#пере#браышийся,nonsense
384406,перевзбзделые,перевзбзделые,#пере#взбзделые,nonsense
384413,перевёлвзгляд,перевёлвзгляд,#пере#вёлвзгляд,nonsense
384449,пережиываемых,пережиываемых,#пере#жиываемых,nonsense
384457,переименоывал,переименоывал,#пере#именоывал,nonsense
384465,перекраиывают,перекраиывают,#пере#краиывают,nonsense
384476,перематиывают,перематиывают,#пере#матиывают,nonsense
384495,перендикулрно,перендикулрно,#пере#ндикулрно,nonsense
384522,перепиывалась,перепиывалась,#пере#пиывалась,nonsense
384523,перепиывались,перепиывались,#пере#пиывались,nonsense
384524,перепиывающем,перепиывающем,#пере#пиывающем,nonsense
384545,перерабаывают,перерабаывают,#пере#рабаывают,nonsense
384556,перескакиывая,перескакиывая,#пере#скакиывая,nonsense
384595,перечитоывать,перечитоывать,#пере#читоывать,nonsense
384781,планировалрсь,планировалрсь,план#ир#овалрсь,nonsense
384837,поблрагодарим,поблрагодарим,поблр#аг#одарим,nonsense
384871,поглажиывании,поглажиывании,погл#аж#иывании,nonsense
384911,подгляывающий,подгляывающий,#под#гляывающий,nonsense
384914,поддержиывать,поддержиывать,#под#держиывать,nonsense
384928,подкашиыаются,подкашиыаются,#под#кашиыаются,nonsense
384970,подпрыгиывает,подпрыгиывает,#под#пр#ыг#иывает,nonsense
384971,подпрыгиывать,подпрыгиывать,#под#пр#ыг#иывать,nonsense
384973,подрабаываешь,подрабаываешь,#под#рабаываешь,nonsense
384987,подсказаывало,подсказаывало,#под#сказаывало,nonsense
385010,подтврждается,подтврждается,#под#тврждается,nonsense
385011,подтвржденный,подтвржденный,#под#твржденный,nonsense
385066,поздолроваюсь,поздолроваюсь,поздолр#ова#юсь,nonsense
385216,полразмерчика,полразмерчика,полразмер#чик#а,nonsense
385217,полржительных,полржительных,полржи#тель#ных,nonsense
385615,постановлрния,постановлрния,#пост#ановлрния,nonsense
385829,превлратилось,превлратилось,#пре#влратилось,nonsense
385852,предвыболрную,предвыболрную,#пре#д#вы#болрную,nonsense
385871,предостаыляют,предостаыляют,#пре#д#о#стаыляют,nonsense
385881,предполрожить,предполрожить,#пре#д#полрожить,nonsense
385907,предстаыляете,предстаыляете,#пре#д#стаыляете,nonsense
385950,прекраснеыший,прекраснеыший,#пре#краснеыший,nonsense
385974,прелрассудков,прелрассудков,#пре#лрассудков,nonsense
386002,пресмиыкались,пресмиыкались,#пре#смиыкались,nonsense
386030,привзяываться,привзяываться,#при#взяываться,nonsense
386054,придумаываете,придумаываете,#при#думаываете,nonsense
386055,придумаываешь,придумаываешь,#при#думаываешь,nonsense
386118,прикоываетесь,прикоываетесь,#при#коываетесь,nonsense
386121,прикриываемой,прикриываемой,#при#криываемой,nonsense
386149,принялрешение,принялрешение,#при#нялрешение,nonsense
386247,прогрпммистом,прогрпммистом,#про#грпммистом,nonsense
386274,продубилруйте,продубилруйте,#про#дубилруйте,nonsense
386275,продублрованы,продублрованы,#про#дублр#ова#ны,nonsense
386276,продумаываете,продумаываете,#про#думаываете,nonsense
386311,проиышленными,проиышленными,#про#иышленными,nonsense
386369,пропитаывание,пропитаывание,#про#питаывание,nonsense
386415,просчтиываему,просчтиываему,#про#счтиываему,nonsense
386465,профпатологии,профпатологии,#про#фпатологии,nonsense
386466,профпатологию,профпатологию,#про#фпатологию,nonsense
386467,профпатология,профпатология,#про#фпатология,nonsense
386468,профпатологов,профпатологов,#про#фпатологов,nonsense
386469,профпатологом,профпатологом,#про#фпатологом,nonsense
386470,профпатриотам,профпатриотам,#про#фпатриотам,nonsense
386471,профпатриотах,профпатриотах,#про#фпатриотах,nonsense
386472,профпатриотов,профпатриотов,#про#фпатриотов,nonsense
386473,профпатриотом,профпатриотом,#про#фпатриотом,nonsense
386474,профпедагогом,профпедагогом,#про#фпед#аг#огом,nonsense
386475,профперфоманс,профперфоманс,#про#фперфоманс,nonsense
386476,профпитомника,профпитомника,#про#фпитомника,nonsense
386477,профпоединках,профпоединках,#про#фпоединках,nonsense
386478,профполитиков,профполитиков,#про#фполитиков,nonsense
386479,профпортфолио,профпортфолио,#про#фпортфолио,nonsense
386480,профпоселение,профпоселение,#про#фпоселение,nonsense
386481,профпоселении,профпоселении,#про#фпоселении,nonsense
386482,профпоселений,профпоселений,#про#фпоселений,nonsense
386483,профпоселения,профпоселения,#про#фпоселения,nonsense
386484,профпраздника,профпраздника,#про#фпраздника,nonsense
386485,профпраздники,профпраздники,#про#фпраздники,nonsense
386486,профпразднику,профпразднику,#про#фпразднику,nonsense
386487,профпредметах,профпредметах,#про#фпредметах,nonsense
386488,профпредметов,профпредметов,#про#фпредметов,nonsense
386489,профпригодная,профпригодная,#про#фпригодная,nonsense
386490,профпригоднее,профпригоднее,#про#фпригоднее,nonsense
386491,профпригодное,профпригодное,#про#фпригодное,nonsense
386492,профпригодной,профпригодной,#про#фпригодной,nonsense
386493,профпригодные,профпригодные,#про#фпригодные,nonsense
386494,профпригодный,профпригодный,#про#фпригодный,nonsense
386495,профпригодным,профпригодным,#про#фпригодным,nonsense
386496,профпригодных,профпригодных,#про#фпригодных,nonsense
386497,профпридатний,профпридатний,#про#фпридатний,nonsense
386498,профпризвания,профпризвания,#про#фпризвания,nonsense
386499,профпрограмму,профпрограмму,#про#фпрограмму,nonsense
386500,профпрограммы,профпрограммы,#про#фпрограммы,nonsense
386501,профпроцедуру,профпроцедуру,#про#фпроцедуру,nonsense
386502,профпсихотбор,профпсихотбор,#про#фпсихотбор,nonsense
386538,прпрпабабушка,прпрпабабушка,прпрпабабу#шк#а,nonsense
387274,релреализации,релреализации,#ре#лреализации,nonsense
387371,рифмрплётства,рифмрплётства,рифмрплёт#ств#а,nonsense
388785,столронниками,столронниками,столрон#ник#ами,nonsense
391138,трансфолрмеры,трансфолрмеры,#транс#фолрмеры,nonsense
391174,трептофпаркам,трептофпаркам,#тре#птофпаркам,nonsense
391370,удлвлдьствием,удлвлдьствием,удлвлдь#ств#ием,nonsense
391373,удоывольствие,удоывольствие,удоыволь#ств#ие,nonsense
391374,удоыольствием,удоыольствием,удоыоль#ств#ием,nonsense
391471,урегулрование,урегулрование,урегулр#ова#ние,nonsense
391709,фолрмировнаия,фолрмировнаия,фолрм#ир#овнаия,nonsense
391898,фрпгшничеству,фрпгшничеству,фрпгшниче#ств#у,nonsense
392280,циыилизованых,циыилизованых,циыилиз#ова#ных,nonsense
392326,челоыечеством,челоыечеством,челоыече#ств#ом,nonsense
392341,черезваычайно,черезваычайно,#через#ваычайно,nonsense
393144,Алексанлровича,алексанлровича,Алексанлров#ич#а,nonsense
393752,Жилремзаказчик,жилремзаказчик,Жилремзаказ#чик#,nonsense
393842,Зргрграствуйте,зргрграствуйте,Зргргра#ств#уйте,nonsense
398766,бгрбднадцатого,бгрбднадцатого,бгрбдна#дцат#ого,nonsense
399543,возногрвждение,возногрвждение,#воз#ногрвждение,nonsense
399583,вориаяждвлщукр,вориаяждвлщукр,#во#риаяждвлщукр,nonsense
399584,ворлдпрессфото,ворлдпрессфото,#во#рлдпрессфото,nonsense
399681,выковиыривания,выковиыривания,#вы#ковиыривания,nonsense
399691,высказаываются,высказаываются,#вы#сказаываются,nonsense
400243,гипоаллргенное,гипоаллргенное,#гипо#аллргенное,nonsense
400742,договлренности,договлренности,#до#говлр#енност#и,nonsense
400812,достоинствтвтв,достоинствтвтв,#до#стоинствтвтв,nonsense
400864,дублрированный,дублрированный,дублр#ир#ова#нный,nonsense
401146,заваыажувающую,заваыажувающую,заваы#аж#увающую,nonsense
401667,йыходелический,йыходелический,йыходел#ическ#ий,nonsense
401862,килриллической,килриллической,килрилл#ическ#ой,nonsense
401929,кллрдинировать,кллрдинировать,кллрдин#ир#овать,nonsense
401958,койлранверсной,койлранверсной,#кой#лранверсной,nonsense
402063,контрвзбзднуть,контрвзбзднуть,#контр#взбзднуть,nonsense
402066,контроилровать,контроилровать,#контр#оилровать,nonsense
402634,майлруагентике,майлруагентике,майлру#аг#ентике,nonsense
402856,мегаввжжпостер,мегаввжжпостер,#мега#ввжжпостер,nonsense
403801,международеыми,международеыми,#меж#ду#народеыми,nonsense
404351,монофпрысковый,монофпрысковый,#моно#фпрысковый,nonsense
404601,напрпвленности,напрпвленности,напрпвл#енност#и,nonsense
404602,напрыгиывались,напрыгиывались,напр#ыг#иывались,nonsense
404779,незабываемаыми,незабываемаыми,#не#забываемаыми,nonsense
404791,неинформатиынй,неинформатиынй,#не#информатиынй,nonsense
404852,неограниычение,неограниычение,#не#ограниычение,nonsense
404871,неплохобылоыбы,неплохобылоыбы,#не#плохобылоыбы,nonsense
404898,непрофпригодна,непрофпригодна,#не#профпригодна,nonsense
404899,непроходимиыми,непроходимиыми,#не#проходимиыми,nonsense
405005,нижеголродской,нижеголродской,#ни#жеголродской,nonsense
405044,нифпичатлилась,нифпичатлилась,#ни#фпичатлилась,nonsense
405154,облреферендума,облреферендума,#об#лреферендума,nonsense
405166,обосноывающего,обосноывающего,#обо#сноывающего,nonsense
405413,операыивниками,операыивниками,операыив#ник#ами,nonsense
405492,отвораыивалась,отвораыивалась,#от#вораыивалась,nonsense
405553,отстрелиыается,отстрелиыается,#от#стрелиыается,nonsense
405768,перевораычивая,перевораычивая,#пере#во#раычивая,nonsense
405769,перевоспиывать,перевоспиывать,#пере#вос#пиывать,nonsense
405770,перегляываться,перегляываться,#пере#гляываться,nonsense
405820,перекроываются,перекроываются,#пере#кроываются,nonsense
405821,перекуплениыми,перекуплениыми,#пере#куплениыми,nonsense
405834,перенапрввлять,перенапрввлять,#пере#напрввлять,nonsense
405849,перепечтаывали,перепечтаывали,#пере#печтаывали,nonsense
405856,перепокзаывать,перепокзаывать,#пере#покзаывать,nonsense
405861,перепробоывала,перепробоывала,#пере#про#боывала,nonsense
405867,переспиываемся,переспиываемся,#пере#спиываемся,nonsense
405877,перетаскиывать,перетаскиывать,#пере#таскиывать,nonsense
405878,переусердцтвуй,переусердцтвуй,#пере#усердцтвуй,nonsense
406084,подкраыдвается,подкраыдвается,#под#краыдвается,nonsense
406106,подработаывает,подработаывает,#под#работаывает,nonsense
406110,подразумеывает,подразумеывает,#под#разумеывает,nonsense
406132,подтасоывваешь,подтасоывваешь,#под#тасоывваешь,nonsense
406532,посочуыствовал,посочуыствовал,посочуы#ств#овал,nonsense
406606,поучаыствовать,поучаыствовать,поучаы#ств#овать,nonsense
406704,превращающиыся,превращающиыся,#пре#вращающиыся,nonsense
406773,презентдтдттуя,презентдтдттуя,#пре#зентдтдттуя,nonsense
406861,придумаывается,придумаывается,#при#думаывается,nonsense
406864,придуркоыватая,придуркоыватая,#при#дуркоыватая,nonsense
406887,приклаываешься,приклаываешься,#при#клаываешься,nonsense
406892,приколрмленная,приколрмленная,#при#колрмленная,nonsense
406905,приматуышления,приматуышления,#при#матуышления,nonsense
406906,применаывшимся,применаывшимся,#при#менаывшимся,nonsense
406927,прислушиыается,прислушиыается,#при#слушиыается,nonsense
406936,приспуыстившей,приспуыстившей,#при#спуыстившей,nonsense
406955,прмоышленности,прмоышленности,прмоышл#енност#и,nonsense
407001,продвлиываемой,продвлиываемой,#про#двлиываемой,nonsense
407012,продузамиывает,продузамиывает,#про#дузамиывает,nonsense
407033,проигроыватель,проигроыватель,#про#игроыва#тель#,nonsense
407044,проиышленности,проиышленности,#про#иышл#енност#и,nonsense
407045,проиышленность,проиышленность,#про#иышл#енност#ь,nonsense
407103,прорисоывается,прорисоывается,#про#рисоывается,nonsense
407110,просматриывать,просматриывать,#про#сматриывать,nonsense
407185,профпатологией,профпатологией,#про#фпатологией,nonsense
407186,профпатриотами,профпатриотами,#про#фпатриотами,nonsense
407187,профпереводчик,профпереводчик,#про#фперевод#чик#,nonsense
407188,профпигодность,профпигодность,#про#фпигодность,nonsense
407189,профпланетарий,профпланетарий,#про#фпланетарий,nonsense
407190,профпоколением,профпоколением,#про#фпоколением,nonsense
407191,профпраздинком,профпраздинком,#про#фпраздинком,nonsense
407192,профпразднегом,профпразднегом,#про#фпразднегом,nonsense
407193,профпраздникам,профпраздникам,#про#фпразд#ник#ам,nonsense
407194,профпраздниках,профпраздниках,#про#фпраздниках,nonsense
407195,профпраздников,профпраздников,#про#фпразд#ник#ов,nonsense
407196,профпраздником,профпраздником,#про#фпразд#ник#ом,nonsense
407197,профпргодности,профпргодности,#про#фпргодности,nonsense
407198,профпригдности,профпригдности,#про#фпригдности,nonsense
407199,профпригодного,профпригодного,#про#фпригодного,nonsense
407200,профпригодному,профпригодному,#про#фпригодному,nonsense
407201,профпригоднсти,профпригоднсти,#про#фпригоднсти,nonsense
407202,профпрограммах,профпрограммах,#про#фпрограммах,nonsense
407204,профпсихотбора,профпсихотбора,#про#фпсихотбора,nonsense
407228,прочуыствовали,прочуыствовали,#про#чуы#ств#овали,nonsense
407276,пртблезительно,пртблезительно,пртблези#тель#но,nonsense
407652,рассажиывались,рассажиывались,расс#аж#иывались,nonsense
407727,рвзблокировать,рвзблокировать,рвзблок#ир#овать,nonsense
407731,реанимироваыла,реанимироваыла,#ре#аним#ир#оваыла,nonsense
407854,решилразместил,решилразместил,#ре#шилразместил,nonsense
408144,самоутврждение,самоутврждение,#само#утврждение,nonsense
410333,сфлрмулировать,сфлрмулировать,сфлрмул#ир#овать,nonsense
410497,телереполртажи,телереполртажи,телереполрт#аж#и,nonsense
410823,удоывольствием,удоывольствием,удоыволь#ств#ием,nonsense
411388,циыилизованный,циыилизованный,циыилиз#ова#нный,nonsense
411695,электрагиталра,электрагиталра,электр#аг#италра,nonsense
411957,Алексанлровском,алексанлровском,Алексанлровском,nonsense
411963,Альбрехтштрассе,альбрехтштрассе,Альбрехтштрассе,nonsense
412051,Белраглобмуднак,белраглобмуднак,Белраглобмуднак,nonsense
412053,Бернхардштрассе,бернхардштрассе,Бернхардштрассе,nonsense
412206,Гевюртцтраминер,гевюртцтраминер,Гевюртцтраминер,nonsense
412268,Гьбвккднддцвльк,гьбвккднддцвльк,Гьбвккднддцвльк,nonsense
412350,Дртдвотывждлмту,дртдвотывждлмту,Дртдвотывждлмту,nonsense
412352,Дурмштранговцев,дурмштранговцев,Дурмштранговцев,nonsense
412449,Идифпиздузаебал,идифпиздузаебал,Идифпиздузаебал,nonsense
412675,Лиирргммииллисс,лиирргммииллисс,Лиирргммииллисс,nonsense
412677,Линдвурмштрассе,линдвурмштрассе,Линдвурмштрассе,nonsense
412798,МрмРМРМРМрмрмрм,мрмрмрмрмрмрмрм,МрмРМРМРМрмрмрм,nonsense
412850,Неконтролруемые,неконтролруемые,Неконтролруемые,nonsense
412854,Непередаваыемые,непередаваыемые,Непередаваыемые,nonsense
412919,Облздравкомитет,облздравкомитет,Облздравкомитет,nonsense
413139,Приезалиыоткать,приезалиыоткать,Приезалиыоткать,nonsense
413245,Ржанкообразеыми,ржанкообразеыми,Ржанкообразеыми,nonsense
413298,Сарполиграфпром,сарполиграфпром,Сарполиграфпром,nonsense
413319,Сигналраннерами,сигналраннерами,Сигналраннерами,nonsense
413472,Торфпредприятие,торфпредприятие,Торфпредприятие,nonsense
413473,Торфпредприятию,торфпредприятию,Торфпредприятию,nonsense
413626,Цетилрицинолеат,цетилрицинолеат,Цетилрицинолеат,nonsense
413628,Цинамдзгришвили,цинамдзгришвили,Цинамдзгришвили,nonsense
413695,Ыюбвалркгпрдьбм,ыюбвалркгпрдьбм,Ыюбвалркгпрдьбм,nonsense
413706,ЭлрондДостойный,элронддостойный,ЭлрондДостойный,nonsense
413712,Эшенбургштрассе,эшенбургштрассе,Эшенбургштрассе,nonsense
413720,Ютлибергштрассе,ютлибергштрассе,Ютлибергштрассе,nonsense
413839,авворпловфлрпфв,авворпловфлрпфв,авворпловфлрпфв,nonsense
413857,автомэилрушного,автомэилрушного,автомэилрушного,nonsense
413900,аиржекгавмэилру,аиржекгавмэилру,аиржекгавмэилру,nonsense
413930,амбевдгодвеыжйз,амбевдгодвеыжйз,амбевдгодвеыжйз,nonsense
415526,антишиынджиские,антишиынджиские,#анти#шиынджиские,nonsense
415600,аовыаоущоыфжаоу,аовыаоущоыфжаоу,аовыаоущоыфжаоу,nonsense
415609,апчюпоыпмяжщжцу,апчюпоыпмяжщжцу,апчюпоыпмяжщжцу,nonsense
415831,аыаыаыаыаыаыаыа,аыаыаыаыаыаыаыа,аыаыаыаыаыаыаыа,nonsense
415832,аымингеармумарх,аымингеармумарх,аым#инг#еармумарх,nonsense
415862,балроготушитель,балроготушитель,балроготуши#тель#,nonsense
415965,биттлджюсовские,биттлджюсовские,биттлджюсовские,nonsense
415977,блдждждбрджлжад,блдждждбрджлжад,блдждждбрджлжад,nonsense
415994,блриллиантовыми,блриллиантовыми,блриллиантовыми,nonsense
416024,бомбпрдировщика,бомбпрдировщика,бомбпрд#ир#овщика,nonsense
416119,ваколрэлигийныя,ваколрэлигийныя,ваколрэлигийныя,nonsense
416135,вароплрокуценук,вароплрокуценук,вароплрокуценук,nonsense
416322,воздержиываться,воздержиываться,#воз#держиываться,nonsense
416370,восстанавлиывть,восстанавлиывть,#вос#станавлиывть,nonsense
416422,выадпорвадпрвда,выадпорвадпрвда,#вы#адпорвадпрвда,nonsense
416440,выпраыительными,выпраыительными,#вы#праыи#тель#ными,nonsense
416458,вышеупомянуытых,вышеупомянуытых,#вы#шеупомянуытых,nonsense
416484,гарантироыванна,гарантироыванна,гарант#ир#оыванна,nonsense
416500,гевюрцштраминер,гевюрцштраминер,гевюрцштраминер,nonsense
416516,геометрхтческих,геометрхтческих,геометрхтческих,nonsense
416953,гипоаллрегенная,гипоаллрегенная,#гипо#аллрегенная,nonsense
416978,глубокоысленных,глубокоысленных,глубокоысленных,nonsense
417018,горбздравотделе,горбздравотделе,горбздравотделе,nonsense
417044,грмгтуимбаумана,грмгтуимбаумана,грмгтуимбаумана,nonsense
417064,гуглридеровских,гуглридеровских,гуглридеровских,nonsense
417097,дальнеыосточным,дальнеыосточным,дальнеыосточным,nonsense
417109,двдпрогрыватель,двдпрогрыватель,двдпрогрыва#тель#,nonsense
417168,депрессироывать,депрессироывать,депресс#ир#оывать,nonsense
417406,жвжвжвжвжвжвжвж,жвжвжвжвжвжвжвж,жвжвжвжвжвжвжвж,nonsense
417408,жджзщавароэкога,жджзщавароэкога,жджзщавароэкога,nonsense
417414,железнодлрожный,железнодлрожный,железнодлрожный,nonsense
417447,жнапыаыпвыукене,жнапыаыпвыукене,жнапыаыпвыукене,nonsense
417521,заблркмровавшим,заблркмровавшим,заблркмровавшим,nonsense
417538,заворачиывается,заворачиывается,заворачиывается,nonsense
417564,заинтересоыаших,заинтересоыаших,заинтересоыаших,nonsense
417609,замолрачивались,замолрачивались,замолрачивались,nonsense
417743,изжидовствуыщих,изжидовствуыщих,изжидов#ств#уыщих,nonsense
417766,илрлрлежважажпг,илрлрлежважажпг,илрлрлежв#аж#ажпг,nonsense
417846,исолвтвтататпль,исолвтвтататпль,исолвтвтататпль,nonsense
417864,иымиьттивщрвпнр,иымиьттивщрвпнр,иымиьттивщрвпнр,nonsense
417913,калрцейссовский,калрцейссовский,калрцейссовский,nonsense
417921,камуфилрованным,камуфилрованным,камуфилр#ова#нным,nonsense
417945,кардиолреабилит,кардиолреабилит,кардиолреабилит,nonsense
418127,консерватиывные,консерватиывные,консерватиывные,nonsense
418153,конфетафподарок,конфетафподарок,конфетафподарок,nonsense
418206,корполративного,корполративного,корполративного,nonsense
418223,котнтроллремэйт,котнтроллремэйт,котнтроллремэйт,nonsense
418400,лдукрыущгшрпыук,лдукрыущгшрпыук,лдукрыущгшрпыук,nonsense
418449,лопропдишпшгпан,лопропдишпшгпан,лопропдишпшгпан,nonsense
418455,лроцессуального,лроцессуального,лроцессуального,nonsense
418682,мвпрамлдрвыапод,мвпрамлдрвыапод,мвпрамлдрвыапод,nonsense
418683,мвпрпопжцшблкюи,мвпрпопжцшблкюи,мвпрпопжцшблкюи,nonsense
419382,менталреевского,менталреевского,менталреевского,nonsense
419575,метилрозанилина,метилрозанилина,метилрозанилина,nonsense
419648,министерствоысь,министерствоысь,министер#ств#оысь,nonsense
419668,млраипвынмшщваы,млраипвынмшщваы,млраипвынмшщваы,nonsense
419693,многоуважаеымый,многоуважаеымый,многоув#аж#аеымый,nonsense
419782,мрывомроыврмовы,мрывомроыврмовы,мрывомроыврмовы,nonsense
419894,наикрасиывейших,наикрасиывейших,#наи#красиывейших,nonsense
419896,накатаывающиеся,накатаывающиеся,накатаывающиеся,nonsense
420073,нелриятельского,нелриятельского,#не#лрия#тель#ского,nonsense
420082,немногослрвными,немногослрвными,#не#многослрвными,nonsense
420096,необыкнноыенное,необыкнноыенное,#не#об#ыкнноыенное,nonsense
420123,непослредственн,непослредственн,#не#послред#ств#енн,nonsense
420134,непрофпригодное,непрофпригодное,#не#профпригодное,nonsense
420141,неразрублениыми,неразрублениыми,#не#разрублениыми,nonsense
420143,нерайлингфпизду,нерайлингфпизду,#не#райлингфпизду,nonsense
420205,нефпроверенными,нефпроверенными,#не#фпроверенными,nonsense
420230,низкоколлрийной,низкоколлрийной,#низ#коколлрийной,nonsense
420322,облолрганизации,облолрганизации,#об#лолрганизации,nonsense
420330,оборачиываешься,оборачиываешься,#обо#рачиываешься,nonsense
420338,образовуываются,образовуываются,#об#разовуываются,nonsense
420426,одурманиыающего,одурманиыающего,одурманиыающего,nonsense
420427,одухотволрённой,одухотволрённой,одухотволрённой,nonsense
420468,онывпзждлогжтлг,онывпзждлогжтлг,онывпзждлогжтлг,nonsense
420541,организоваывать,организоваывать,организоваывать,nonsense
420544,организоывавыем,организоывавыем,организоывавыем,nonsense
420570,останавлиываясь,останавлиываясь,останавлиываясь,nonsense
420583,отечественноыми,отечественноыми,#от#ече#ств#енноыми,nonsense
420589,откидиывающиеся,откидиывающиеся,#от#кидиывающиеся,nonsense
420627,оттопыриываются,оттопыриываются,#от#топыриываются,nonsense
420637,офпредставителя,офпредставителя,офпредставителя,nonsense
420656,оцифроваывателю,оцифроваывателю,оцифроваывателю,nonsense
420732,парпарционалрна,парпарционалрна,парпарционалрна,nonsense
420735,парфпросвещение,парфпросвещение,парфпросвещение,nonsense
420836,пересчитаывания,пересчитаывания,#пере#считаывания,nonsense
420937,плроектировании,плроектировании,плроект#ир#ова#нии,nonsense
420949,пноавыдумаывали,пноавыдумаывали,пноавыдумаывали,nonsense
420960,повыпенлриваясь,повыпенлриваясь,повыпенлриваясь,nonsense
421023,поздрвляльщикам,поздрвляльщикам,поздрвляльщикам,nonsense
421034,позлравительные,позлравительные,позлрави#тель#ные,nonsense
421045,покачиывающихся,покачиывающихся,покачиывающихся,nonsense
421156,полюбоытствуйте,полюбоытствуйте,полюбоыт#ств#уйте,nonsense
421164,понавыдумаывали,понавыдумаывали,понавыдумаывали,nonsense
421208,поразглядяывать,поразглядяывать,поразглядяывать,nonsense
421247,посоыветовались,посоыветовались,посоыветовались,nonsense
421350,прдоврнпрвдпожа,прдоврнпрвдпожа,прдоврнпрвдпожа,nonsense
421351,прдприимчивость,прдприимчивость,прдприимчивость,nonsense
421378,предприимчиывый,предприимчиывый,#пре#д#при#имчиывый,nonsense
421436,препрпздничного,препрпздничного,#пре#прпздничного,nonsense
421442,преувеличиывает,преувеличиывает,#пре#увеличиывает,nonsense
421494,прислушиываться,прислушиываться,#при#слушиываться,nonsense
421524,продолжалработу,продолжалработу,#про#до#лжалработу,nonsense
421559,промиышленность,промиышленность,#про#миышл#енност#ь,nonsense
421582,прослежиываться,прослежиываться,#про#слежиываться,nonsense
421583,прослушиываемых,прослушиываемых,#про#слушиываемых,nonsense
421584,прослушиыванием,прослушиыванием,#про#слушиыванием,nonsense
421606,противополржный,противополржный,#про#тиво#полржный,nonsense
421608,противопрлржном,противопрлржном,#про#тиво#прлржном,nonsense
421617,протиыиположное,протиыиположное,#про#тиыиположное,nonsense
421618,протиыоположной,протиыоположной,#про#тиыоположной,nonsense
421628,профпатриотизма,профпатриотизма,#про#фпатриотизма,nonsense
421629,профпенсионеров,профпенсионеров,#про#фпенсионеров,nonsense
421630,профпереводчики,профпереводчики,#про#фперевод#чик#и,nonsense
421631,профпоказателям,профпоказателям,#про#фпоказателям,nonsense
421632,профпокупателях,профпокупателях,#про#фпокупателях,nonsense
421633,профполиклиника,профполиклиника,#про#фполиклиника,nonsense
421634,профпрегодность,профпрегодность,#про#фпрегодность,nonsense
421635,профпрессовские,профпрессовские,#про#фпрессовские,nonsense
421636,профпригондости,профпригондости,#про#фпригондости,nonsense
421770,пшпшпшпшпшпшпшп,пшпшпшпшпшпшпшп,пшпшпшпшпшпшпшп,nonsense
421845,разграничиывает,разграничиывает,разграничиывает,nonsense
421866,разочароваывать,разочароваывать,#разо#чароваывать,nonsense
421880,раскатаывающего,раскатаывающего,раскатаывающего,nonsense
421883,расковыриываешь,расковыриываешь,расковыриываешь,nonsense
421895,распечатаываьть,распечатаываьть,распечатаываьть,nonsense
421906,рассказуывающим,рассказуывающим,рассказуывающим,nonsense
421935,расстраиывалась,расстраиывалась,расстраиывалась,nonsense
422060,ритуализоваыный,ритуализоваыный,ритуализоваыный,nonsense
422072,розполрядженням,розполрядженням,розполрядженням,nonsense
422098,ропаоацуоыцоджл,ропаоацуоыцоджл,ропаоацуоыцоджл,nonsense
422304,своймирнамэйлру,своймирнамэйлру,своймирнамэйлру,nonsense
422359,силрасслабиться,силрасслабиться,силрасслабиться,nonsense
422539,соприкосноыения,соприкосноыения,соприкосноыения,nonsense
422591,спермрприемники,спермрприемники,спермрприемники,nonsense
422691,стимулрирование,стимулрирование,стимулр#ир#ова#ние,nonsense
423904,суперфпрмовские,суперфпрмовские,#супер#фпрмовские,nonsense
424200,торфпредприятие,торфпредприятие,торфпредприятие,nonsense
424201,торфпредприятии,торфпредприятии,торфпредприятии,nonsense
424202,торфпредприятию,торфпредприятию,торфпредприятию,nonsense
424203,торфпредприятия,торфпредприятия,торфпредприятия,nonsense
424267,тридцатиднеыный,тридцатиднеыный,#три#дцат#иднеыный,nonsense
424365,удовлетволрения,удовлетволрения,удовлетволрения,nonsense
424374,удостоывериться,удостоывериться,удостоывериться,nonsense
424420,унаследоывавшие,унаследоывавшие,унаследоывавшие,nonsense
424427,уроюыдслкоьпдла,уроюыдслкоьпдла,уроюыдслкоьпдла,nonsense
424473,уылысыпыдыстами,уылысыпыдыстами,уылысыпыдыстами,nonsense
424530,фольколристикой,фольколристикой,фольколристикой,nonsense
424554,фотограыировать,фотограыировать,фотограы#ир#овать,nonsense
424576,фпечатлительные,фпечатлительные,фпечатли#тель#ные,nonsense
424577,фпечатлительным,фпечатлительным,фпечатли#тель#ным,nonsense
424578,фпечатоительную,фпечатоительную,фпечатои#тель#ную,nonsense
424579,фпичатлительный,фпичатлительный,фпичатли#тель#ный,nonsense
424580,фпичатлитильным,фпичатлитильным,фпичатлитильным,nonsense
424581,фпичитлительная,фпичитлительная,фпичитли#тель#ная,nonsense
424582,фпичотлительным,фпичотлительным,фпичотли#тель#ным,nonsense
424593,фрфрфрфсшфксгхх,фрфрфрфсшфксгхх,фрфрфрфсшфксгхх,nonsense
424672,химлаболраторию,химлаболраторию,химлаболраторию,nonsense
424785,цивилизованяыми,цивилизованяыми,цивилиз#ова#няыми,nonsense
424826,четырехметроыми,четырехметроыми,четырехметроыми,nonsense
424838,чеырехкарточные,чеырехкарточные,чеырехкарточные,nonsense
424847,чсцзжвлчфхвдйъв,чсцзжвлчфхвдйъв,чсцзжвлчфхвдйъв,nonsense
424934,щжодноклассники,щжодноклассники,щжодноклассники,nonsense
424939,ывармдлдварпиод,ывармдлдварпиод,ывармдлдварпиод,nonsense
424940,ываыващхзджбчсм,ываыващхзджбчсм,ываыващхзджбчсм,nonsense
425085,юфлгоипвллдюфис,юфлгоипвллдюфис,юфлгоипвллдюфис,nonsense
425147,Александрштрассе,александрштрассе,Александрштрассе,nonsense
425148,Алексанлровскому,алексанлровскому,Алексанлровскому,nonsense
425170,Ауерспергштрассе,ауерспергштрассе,Ауерспергштрассе,nonsense
425212,Блблблблблблблбл,блблблблблблблбл,Блблблблблблблбл,nonsense
425273,Верифицироывнные,верифицироывнные,Верифиц#ир#оывнные,nonsense
425334,Гизебрехтштрассе,гизебрехтштрассе,Гизебрехтштрассе,nonsense
425419,Дурмштранговским,дурмштранговским,Дурмштранговским,nonsense
425485,Знцггньддлцхцльв,знцггньддлцхцльв,Знцггньддлцхцльв,nonsense
425506,Ишэыдысныхэалоит,ишэыдысныхэалоит,Ишэыдысныхэалоит,nonsense
425605,Ландсбергштрассе,ландсбергштрассе,Ландсбергштрассе,nonsense
425630,Майлрузнакомство,майлрузнакомство,Майлрузнаком#ств#о,nonsense
425634,Мариахилфштрассе,мариахилфштрассе,Мариахилфштрассе,nonsense
425673,Монголросцветмет,монголросцветмет,Монголросцветмет,nonsense
425728,Нидердорфштрассе,нидердорфштрассе,Нидердорфштрассе,nonsense
425751,Ноллендорфплатце,ноллендорфплатце,Ноллендорфплатце,nonsense
425846,Петербургштрассе,петербургштрассе,Петербургштрассе,nonsense
425990,Ротентурмштрассе,ротентурмштрассе,Ротентурмштрассе,nonsense
426012,Самостояытельное,самостояытельное,Самостояы#тель#ное,nonsense
426051,Союзметаллресурс,союзметаллресурс,Союзметаллресурс,nonsense
426188,Файзулрахманович,файзулрахманович,Файзулрахманов#ич#,nonsense
426229,Цинамдзгвришвили,цинамдзгвришвили,Цинамдзгвришвили,nonsense
426279,Экспромтпвлкгшнс,экспромтпвлкгшнс,Экспромтпвлкгшнс,nonsense
426409,администратиыных,администратиыных,администратиыных,nonsense
426410,администрацияысь,администрацияысь,администрацияысь,nonsense
426420,айырмачылыктарды,айырмачылыктарды,айырмачылыктарды,nonsense
426436,амороздрдрмашина,амороздрдрмашина,амороздрдрмашина,nonsense
427666,аолпвтвимолфрвыл,аолпвтвимолфрвыл,аолпвтвимолфрвыл,nonsense
427807,ахаххпхпзахвхъах,ахаххпхпзахвхъах,ахаххпхпзахвхъах,nonsense
427899,бздгрзгдбрздгдым,бздгрзгдбрздгдым,бздгрзгдбрздгдым,nonsense
427927,блпшлононахзаебл,блпшлононахзаебл,блпшлононахзаебл,nonsense
427963,брбрбрбвырвырвыр,брбрбрбвырвырвыр,брбрбрбвырвырвыр,nonsense
428017,вапрыапрвпрорпты,вапрыапрвпрорпты,вапрыапрвпрорпты,nonsense
428092,взхгромоздившись,взхгромоздившись,взхгромоздившись,nonsense
428099,вигглгримировали,вигглгримировали,вигглгрим#ир#овали,nonsense
428223,времяпроыождения,времяпроыождения,времяпроыождения,nonsense
428264,высвечиывающаяся,высвечиывающаяся,#вы#свечиывающаяся,nonsense
428270,высокоразвитиыми,высокоразвитиыми,#вы#сокоразвитиыми,nonsense
428275,вытанцоывывается,вытанцоывывается,#вы#танцоывывается,nonsense
428279,выходныеыберемся,выходныеыберемся,#вы#ходныеыберемся,nonsense
428294,гауптштурмфбрера,гауптштурмфбрера,гауптштурмфбрера,nonsense
428961,дрдрдрдрддрдрдрд,дрдрдрдрддрдрдрд,дрдрдрдрддрдрдрд,nonsense
428962,дрдрдрдрдрдрдрдр,дрдрдрдрдрдрдрдр,дрдрдрдрдрдрдрдр,nonsense
429036,жизнеутврждающая,жизнеутврждающая,жизнеутврждающая,nonsense
429047,жпшрджоворждапро,жпшрджоворждапро,жпшрджоворждапро,nonsense
429194,заребрендиышийся,заребрендиышийся,заребрендиышийся,nonsense
429195,зарегистрироывна,зарегистрироывна,зарегистр#ир#оывна,nonsense
429210,заынтересованных,заынтересованных,заынтерес#ова#нных,nonsense
429217,зджджджджджорово,зджджджджджорово,зджджджджджорово,nonsense
429242,змзмзмзмзмзмзмзм,змзмзмзмзмзмзмзм,змзмзмзмзмзмзмзм,nonsense
429249,знакофприпинания,знакофприпинания,знакофприпинания,nonsense
429262,зуболробительные,зуболробительные,зуболроби#тель#ные,nonsense
429273,иденцфуамроывамю,иденцфуамроывамю,иденцфуамроывамю,nonsense
429359,йфприсоединяются,йфприсоединяются,йфприсоединяются,nonsense
429508,конструироывания,конструироывания,констру#ир#оывания,nonsense
429700,лрваолрпыатмипим,лрваолрпыатмипим,лрваолрпыатмипим,nonsense
429701,лревнегреческими,лревнегреческими,лревнегреческими,nonsense
429762,майкемикалраманс,майкемикалраманс,майкемикалраманс,nonsense
429966,мегакулреспектус,мегакулреспектус,#мега#кулреспектус,nonsense
430479,метуллргического,метуллргического,метуллрг#ическ#ого,nonsense
430506,микрошлифпорошок,микрошлифпорошок,#микро#шлифпорошок,nonsense
430594,мтфвдодшфододлоь,мтфвдодшфододлоь,мтфвдодшфододлоь,nonsense
430788,нелицеприятноыми,нелицеприятноыми,#не#лицеприятноыми,nonsense
430808,неописуемыойыйуй,неописуемыойыйуй,#не#описуемыойыйуй,nonsense
430906,низкоуглродистой,низкоуглродистой,#низ#коуглродистой,nonsense
430919,нмвйршнйырвтчыпл,нмвйршнйырвтчыпл,нмвйршнйырвтчыпл,nonsense
430993,обхерштхругфюрер,обхерштхругфюрер,#об#херштхругфюрер,nonsense
431031,одноклассникиывы,одноклассникиывы,одноклассникиывы,nonsense
431032,одноклассникоыов,одноклассникоыов,одноклассникоыов,nonsense
431064,олявапгяыврюдывя,олявапгяыврюдывя,олявапгяыврюдывя,nonsense
431142,осуществилработу,осуществилработу,осуще#ств#илработу,nonsense
431266,патфпечатленийэм,патфпечатленийэм,патфпечатленийэм,nonsense
431298,перевлрачивается,перевлрачивается,#пере#влрачивается,nonsense
431319,пересталработать,пересталработать,#пере#сталработать,nonsense
431327,перлдприниматель,перлдприниматель,перлдпринима#тель#,nonsense
431342,пзеушпзщуешгпхзу,пзеушпзщуешгпхзу,пзеушпзщуешгпхзу,nonsense
431362,пифпафбахбумхехе,пифпафбахбумхехе,пифпафбахбумхехе,nonsense
431458,поздрпредставить,поздрпредставить,поздрпредставить,nonsense
431652,потустолронннего,потустолронего,потустолронннего,nonsense
431678,правительствоысь,правительствоысь,#пра#ви#тель#ств#оысь,nonsense
431700,предоставлаыемые,предоставлаыемые,#пре#д#о#ставлаыемые,nonsense
431791,притормажиываешь,притормажиываешь,#при#торм#аж#иываешь,nonsense
431832,пролрезывателями,пролрезывателями,#про#лрезывателями,nonsense
431848,проскакиывающими,проскакиывающими,#про#скакиывающими,nonsense
431882,профпреступности,профпреступности,#про#фпреступности,nonsense
431883,профпригодностью,профпригодностью,#про#фпригодностью,nonsense
431884,профпровокаторша,профпровокаторша,#про#фпровокаторша,nonsense
431885,проффпригодности,проффпригодности,#про#ффпригодности,nonsense
431968,пхахафхфхфхахаха,пхахафхфхфхахаха,пхахафхфхфхахаха,nonsense
432011,разделяетвзгляды,разделяетвзгляды,разделяетвзгляды,nonsense
432039,расклрывающимися,расклрывающимися,расклрывающимися,nonsense
432055,рассматриыванием,рассматриыванием,рассматриыванием,nonsense
432089,расшиыровывается,расшиыровывается,расшиыровывается,nonsense
432208,рщгрШщгргоЩргпрг,рщгршщгргощргпрг,рщгрШщгргоЩргпрг,nonsense
432260,самрвзрывающиеся,самрвзрывающиеся,самрвзрывающиеся,nonsense
432469,состыковаывается,состыковаывается,состыковаывается,nonsense
432470,состыковаываться,состыковаываться,состыковаываться,nonsense
433729,тптптптптптптптп,тптптптптптптптп,тптптптптптптптп,nonsense
433782,трудовойыебудень,трудовойыебудень,трудовойыебудень,nonsense
433905,уывидитАгамемнон,уывидитагамемнон,уывидитАгамемнон,nonsense
433944,флфлфлфлфлфлфлфл,флфлфлфлфлфлфлфл,флфлфлфлфлфлфлфл,nonsense
433945,флюарисцентниыми,флюарисцентниыми,флюарисцентниыми,nonsense
433960,фотографироывать,фотографироывать,фотограф#ир#оывать,nonsense
433986,фуфумуфудуфуыфть,фуфумуфудуфуыфть,фуфумуфудуфуыфть,nonsense
434036,хлопнулредактора,хлопнулредактора,хлопнулредактора,nonsense
434095,хэллрейзеровскую,хэллрейзеровскую,хэллрейзеровскую,nonsense
434096,хэллрэйзеровских,хэллрэйзеровских,хэллрэйзеровских,nonsense
434128,четырехзвздочной,четырехзвздочной,четырехзвздочной,nonsense
434139,чтчтчтчтчтчтчтчт,чтчтчтчтчтчтчтчт,чтчтчтчтчтчтчтчт,nonsense
434156,швнампваппшщвами,швнампваппшщвами,швнампваппшщвами,nonsense
434157,шдцрчиышюцыяуфмн,шдцрчиышюцыяуфмн,шдцрчиышюцыяуфмн,nonsense
434199,щонвисьюцвэжгчшп,щонвисьюцвэжгчшп,щонвисьюцвэжгчшп,nonsense
434202,ъжлаоепщмюоыщкйе,ъжлаоепщмюоыщкйе,ъжлаоепщмюоыщкйе,nonsense
434203,ъзщшгекуенгшщзхъ,ъзщшгекуенгшщзхъ,ъзщшгекуенгшщзхъ,nonsense
434204,ыапщркцщпгрзшыра,ыапщркцщпгрзшыра,ыапщркцщпгрзшыра,nonsense
434212,ыякпдлавоываышга,ыякпдлавоываышга,ыякпдлавоываышга,nonsense
434213,ьбвжпдьджпжаптиа,ьбвжпдьджпжаптиа,ьбвжпдьджпжаптиа,nonsense
434322,южноеывропейскую,южноеывропейскую,южноеывропейскую,nonsense
434325,ючотчпчзееомотрт,ючотчпчзееомотрт,ючотчпчзееомотрт,nonsense
434508,Главполиграфпрома,главполиграфпрома,Главполиграфпрома,nonsense
434509,Гланполиграфпрома,гланполиграфпрома,Гланполиграфпрома,nonsense
434578,Жохпорторкетдюыра,жохпорторкетдюыра,Жохпорторкетдюыра,nonsense
434608,Знццгццмьвбьццгьг,знццгццмьвбьццгьг,Знццгццмьвбьццгьг,nonsense
434625,Ихштербергштрассе,ихштербергштрассе,Ихштербергштрассе,nonsense
434642,Кенигсбергштрассе,кенигсбергштрассе,Кенигсбергштрассе,nonsense
434704,Леноблздравотдела,леноблздравотдела,Леноблздравотдела,nonsense
434705,Леноблреставрация,леноблреставрация,Леноблреставрация,nonsense
434751,Мньввзльзццвмццкь,мньввзльзццвмццкь,Мньввзльзццвмццкь,nonsense
434756,Монголросцветмете,монголросцветмете,Монголросцветмете,nonsense
434761,Мосжилрегистрации,мосжилрегистрации,Мосжилрегистрации,nonsense
434762,Мосжилрегистрация,мосжилрегистрация,Мосжилрегистрация,nonsense
434768,Мособлздравотделу,мособлздравотделу,Мособлздравотделу,nonsense
434769,Мособлрегистрации,мособлрегистрации,Мособлрегистрации,nonsense
434801,Непрофпригодности,непрофпригодности,Непрофпригодности,nonsense
434808,Нобелхрфрбрдрскую,нобелхрфрбрдрскую,Нобелхрфрбрдрскую,nonsense
434912,Провожаютвзглядом,провожаютвзглядом,Провожаютвзглядом,nonsense
435003,Союзполиграфпрома,союзполиграфпрома,Союзполиграфпрома,nonsense
435073,Уралрегионипотека,уралрегионипотека,Уралрегионипотека,nonsense
435091,Фукпррфвуатррфуфр,фукпррфвуатррфуфр,Фукпррфвуатррфуфр,nonsense
435119,Цнцрввбьдвькгззнь,цнцрввбьдвькгззнь,Цнцрввбьдвькгззнь,nonsense
435227,администратиывное,администратиывное,администратиывное,nonsense
436140,апочемуывненарода,апочемуывненарода,апочемуывненарода,nonsense
436141,апочемуыктоугодно,апочемуыктоугодно,апочемуыктоугодно,nonsense
436142,апоыталотилоывати,апоыталотилоывати,апоыталотилоывати,nonsense
436230,аывлоадылофдлвыоа,аывлоадылофдлвыоа,аывлоадылофдлвыоа,nonsense
436329,боъмятшуьфмзаыёвж,боъмятшуьфмзаыёвж,боъмятшуьфмзаыёвж,nonsense
436402,верифицироыанному,верифицироыанному,верифиц#ир#оыанному,nonsense
436420,взгомазджзживайся,взгомазджзживайся,взгомазджзживайся,nonsense
436421,взгруствзбднулось,взгруствзбднулось,взгруствзбднулось,nonsense
436489,воркэндтржвельцам,воркэндтржвельцам,#во#ркэндтржвельцам,nonsense
436529,вщшяпргртячдвшуцз,вщшяпргртячдвшуцз,вщшяпргртячдвшуцз,nonsense
436534,выкарабкиывайтесь,выкарабкиывайтесь,#вы#карабкиывайтесь,nonsense
436572,гексилрезорцинола,гексилрезорцинола,гексилрезорцинола,nonsense
436979,дваывушваываилуаи,дваывушваываилуаи,дваывушваываилуаи,nonsense
437057,длтдлтлдтлдтдлтдл,длтдлтлдтлдтдлтдл,длтдлтлдтлдтдлтдл,nonsense
437122,елрКООгВьдььблоПШ,елркоогвьдььблопш,елрКООгВьдььблоПШ,nonsense
437207,заинтересоывалась,заинтересоывалась,заинтересоывалась,nonsense
437376,капиталгрпповские,капиталгрпповские,капиталгрпповские,nonsense
437438,конспилроложеским,конспилроложеским,конспилроложеским,nonsense
437502,кратковлременного,кратковлременного,кратковлременного,nonsense
437578,лкйчгфдсазхцжлЛЛл,лкйчгфдсазхцжл,лкйчгфдсазхцжлЛЛл,nonsense
438197,мсрпчмрофлывлофыв,мсрпчмрофлывлофыв,мсрпчмрофлывлофыв,nonsense
438232,мьдвтмлсчтмолтисч,мьдвтмлсчтмолтисч,мьдвтмлсчтмолтисч,nonsense
438302,националрадикалам,националрадикалам,националрадикалам,nonsense
438303,националрадикалов,националрадикалов,националрадикалов,nonsense
438337,нейтрализоваывать,нейтрализоваывать,#не#йтрализоваывать,nonsense
438369,неоштукатуркееыми,неоштукатуркееыми,#не#оштукатуркееыми,nonsense
438388,неприсоединениыми,неприсоединениыми,#не#присоединениыми,nonsense
438391,непрофпригодности,непрофпригодности,#не#профпригодности,nonsense
438392,непрофпригодность,непрофпригодность,#не#профпригодность,nonsense
438455,новоприолретенной,новоприолретенной,новоприолретенной,nonsense
438501,овлырдопиывапичои,овлырдопиывапичои,овлырдопиывап#ич#ои,nonsense
438589,организмвзрослого,организмвзрослого,организмвзрослого,nonsense
438711,персонифицироыать,персонифицироыать,персонифиц#ир#оыать,nonsense
438807,полиграфпродукции,полиграфпродукции,полиграфпродукции,nonsense
438808,полиграфпродукцию,полиграфпродукцию,полиграфпродукцию,nonsense
438824,полуторочасрваывм,полуторочасрваывм,полуторочасрваывм,nonsense
438838,получилразрешение,получилразрешение,получилразрешение,nonsense
438839,поляризироыванной,поляризироыванной,поляриз#ир#оыванной,nonsense
438863,поопрароытыранплд,поопрароытыранплд,поопрароытыранплд,nonsense
438910,почтасобакамайлру,почтасобакамайлру,почтасобакамайлру,nonsense
439153,работалразмеренно,работалразмеренно,работалразмеренно,nonsense
439159,равноыерионанести,равноыерионанести,равноыерионанести,nonsense
439189,разочароваываться,разочароваываться,#разо#чароваываться,nonsense
439190,разочароывваешься,разочароывваешься,#разо#чароывваешься,nonsense
439205,рассказалрежиссер,рассказалрежиссер,рассказалрежиссер,nonsense
439228,рашнрилрутсреггэй,рашнрилрутсреггэй,рашнрилрутсреггэй,nonsense
439466,сорококхмхмлетний,сорококхмхмлетний,сорококхмхмлетний,nonsense
439472,социалреалистичны,социалреалистичны,социалреалистичны,nonsense
439473,сочувчввчвчвствую,сочувчввчвчвствую,сочувчввчвчв#ств#ую,nonsense
439511,сталрассасываться,сталрассасываться,сталрассасываться,nonsense
440192,супирмегашефповар,супирмегашефповар,супирмегашефповар,nonsense
440297,трдрдрдрдрдрдрдыщ,трдрдрдрдрдрдрдыщ,трдрдрдрдрдрдрдыщ,nonsense
440348,удовлетвлренности,удовлетвлренности,удовлетвлр#енност#и,nonsense
440357,укахзыавхуаыадоир,укахзыавхуаыадоир,укахзыавхуаыадоир,nonsense
440376,уралрегионипотека,уралрегионипотека,уралрегионипотека,nonsense
440451,фотограыироваться,фотограыироваться,фотограы#ир#оваться,nonsense
440454,фоторегуляториыми,фоторегуляториыми,фоторегуляториыми,nonsense
440456,фпечятлительности,фпечятлительности,фпечятли#тель#ности,nonsense
440514,хрумпрфхрхляпфлеп,хрумпрфхрхляпфлеп,хрумпрфхрхляпфлеп,nonsense
440532,хыфаыхахыхыхахаых,хыфаыхахыхыхахаых,хыфаыхахыхыхахаых,nonsense
440546,цзжвлчфхвдйъвдцъй,цзжвлчфхвдйъвдцъй,цзжвлчфхвдйъвдцъй,nonsense
440623,ываооррлдждоавюжщ,ываооррлдждоавюжщ,ываооррлдждоавюжщ,nonsense
440624,ывармдлдварпиопод,ывармдлдварпиопод,ывармдлдварпиопод,nonsense
440626,ыфврфыдпрфлподукф,ыфврфыдпрфлподукф,ыфврфыдпрфлподукф,nonsense
440648,электровиыбиратор,электровиыбиратор,электровиыбиратор,nonsense
440781,Бойсолсолрадрадгот,бойсолсолрадрадгот,Бойсолсолрадрадгот,nonsense
440786,Брбрбрбрбрбрбрбрбр,брбрбрбрбрбрбрбрбр,Брбрбрбрбрбрбрбрбр,nonsense
440929,Ирвапвынавраываннш,ирвапвынавраываннш,Ирвапвынавраываннш,nonsense
441030,Мосгорполиграфпром,мосгорполиграфпром,Мосгорполиграфпром,nonsense
441048,Националрадикализм,националрадикализм,Националрадикализм,nonsense
441072,Нйггбздньцацасьмвщ,нйггбздньцацасьмвщ,Нйггбздньцацасьмвщ,nonsense
441082,Ноыадиьаьлтмтывдлп,ноыадиьаьлтмтывдлп,Ноыадиьаьлтмтывдлп,nonsense
441239,Тамуштафпичитление,тамуштафпичитление,Тамуштафпичитление,nonsense
441287,Хпкшнлрьмтаропскдл,хпкшнлрьмтаропскдл,Хпкшнлрьмтаропскдл,nonsense
441494,антиграыитационное,антиграыитационное,#анти#граыита#ционн#ое,nonsense
441961,аргхфрполавьтпмслд,аргхфрполавьтпмслд,аргхфрполавьтпмслд,nonsense
442111,брбрбрбрбрбрбрбрбр,брбрбрбрбрбрбрбрбр,брбрбрбрбрбрбрбрбр,nonsense
442159,вжвжвжвжвжвжвжжвжв,вжвжвжвжвжвжвжжвжв,вжвжвжвжвжвжвжжвжв,nonsense
442162,взвзвзвзвзввжвжвжв,взвзвзвзвзввжвжвжв,взвзвзвзвзввжвжвжв,nonsense
442284,гевюртцштарминером,гевюртцштарминером,гевюртцштарминером,nonsense
442290,гидрообесиыливания,гидрообесиыливания,гидрообесиыливания,nonsense
442581,гшвмннмтгмптннмпнм,гшвмннмтгмптннмпнм,гшвмннмтгмптннмпнм,nonsense
442608,двенбдцбтипёрстной,двенбдцбтипёрстной,двенбдцбтипёрстной,nonsense
442711,дюссельдорфштрассе,дюссельдорфштрассе,дюссельдорфштрассе,nonsense
442746,зЩзСзФзтзхзШзЦзЯзэ,зщзсзфзтзхзшзцзязэ,зЩзСзФзтзхзШзЦзЯзэ,nonsense
442833,зшгвзпгозгвазпгшзв,зшгвзпгозгвазпгшзв,зшгвзпгозгвазпгшзв,nonsense
442881,иппртмисмиюмюибсьи,иппртмисмиюмюибсьи,иппртмисмиюмюибсьи,nonsense
443102,лрнжатьповерхности,лрнжатьповерхности,лрнжатьповерхности,nonsense
443701,непрофпригодностью,непрофпригодностью,#не#профпригодностью,nonsense
443731,нефпрофессионально,нефпрофессионально,#не#фпрофессионально,nonsense
443836,опубликовалрешение,опубликовалрешение,опубликовалрешение,nonsense
444003,поздравлвлвлвления,поздравлвлвлвления,поздравлвлвлвления,nonsense
444009,позитивфпапфвпфвпф,позитивфпапфвпфвпф,позитивфпапфвпфвпф,nonsense
444011,поищиощащтуцтррщкр,поищиощащтуцтррщкр,поищиощащтуцтррщкр,nonsense
444130,представленоывсего,представленоывсего,#пре#д#ставленоывсего,nonsense
444258,профпатриотических,профпатриотических,#про#фпатриот#ическ#их,nonsense
444263,профпленкозеркалок,профпленкозеркалок,#про#фпленкозеркалок,nonsense
444264,профпринадлежности,профпринадлежности,#про#фпринадлежности,nonsense
444265,профпринадлежность,профпринадлежность,#про#фпринадлежность,nonsense
444281,пруцдфлрвапроукенг,пруцдфлрвапроукенг,пруцдфлрвапроукенг,nonsense
444285,псабосрмсрлмюлрмюм,псабосрмсрлмюлрмюм,псабосрмсрлмюлрмюм,nonsense
444304,пуленепробиываемым,пуленепробиываемым,пуленепробиываемым,nonsense
444338,развлрачивающегося,развлрачивающегося,развлрачивающегося,nonsense
444364,расфокусироыванным,расфокусироыванным,расфокус#ир#оыванным,nonsense
444398,роклраджывшаолыать,роклраджывшаолыать,роклраджывшаолыать,nonsense
444454,самоидентиыфикация,самоидентиыфикация,#само#идентиыфикация,nonsense
444467,самоудоылетворяюсь,самоудоылетворяюсь,#само#удоылетворяюсь,nonsense
444500,сертифицироываться,сертифицироываться,сертифиц#ир#оываться,nonsense
444503,сигаретнокофпейном,сигаретнокофпейном,сигаретнокофпейном,nonsense
444613,сталеролмиышленной,сталеролмиышленной,сталеролмиышленной,nonsense
444866,супермегашефповара,супермегашефповара,#супер#мега#шефповара,nonsense
445164,сфотографироыаннын,сфотографироыаннын,сфотограф#ир#оыаннын,nonsense
445165,сцзжвлчфхвдйъвдцъй,сцзжвлчфхвдйъвдцъй,сцзжвлчфхвдйъвдцъй,nonsense
445222,трафпаользователми,трафпаользователми,трафпаользователми,nonsense
445309,уыкзщлрыподроурщлл,уыкзщлрыподроурщлл,уыкзщлрыподроурщлл,nonsense
445332,фпиридипланетыфсей,фпиридипланетыфсей,фпиридипланетыфсей,nonsense
445445,шкгрушталпаылгпркг,шкгрушталпаылгпркг,шкгрушталпаылгпркг,nonsense
445451,штурмкампффлюгцойг,штурмкампффлюгцойг,штурмкампффлюгцойг,nonsense
445458,щшывпшыпрлдывпиывп,щшывпшыпрлдывпиывп,щшывпшыпрлдывпиывп,nonsense
445471,ьззфйщесгцптшпхщмё,ьззфйщесгцптшпхщмё,ьззфйщесгцптшпхщмё,nonsense
445475,эзоштиыэозшыкеозшы,эзоштиыэозшыкеозшы,эзоштиыэозшыкеозшы,nonsense
445481,экпериментальноыми,экпериментальноыми,экпериментальноыми,nonsense
445520,яндексмэйлрублогах,яндексмэйлрублогах,яндексмэйлрублогах,nonsense
445588,Бойсолсолрадрадгота,бойсолсолрадрадгота,Бойсолсолрадрадгота,nonsense
445764,МрммРРМрмрмМРмрмррм,мрммррмрмрммрмрмррм,МрммРРМрмрмМРмрмррм,nonsense
445856,Полиграфполиграфыча,полиграфполиграфыча,Полиграфполиграфыча,nonsense
445875,Принцалбрехтштрассе,принцалбрехтштрассе,Принцалбрехтштрассе,nonsense
445917,Севзвптеплоконтроле,севзвптеплоконтроле,Севзвптеплоконтроле,nonsense
446018,Штауффенбергштрассе,штауффенбергштрассе,Штауффенбергштрассе,nonsense
446086,алреналинозависимых,алреналинозависимых,алреналинозависимых,nonsense
446087,алыргуныггуарвоыаоп,алыргуныггуарвоыаоп,алыргуныггуарвоыаоп,nonsense
446638,вапофвдалпртфвждапл,вапофвдалпртфвждапл,вапофвдалпртфвждапл,nonsense
446645,вдалптлосмтшгвебьмд,вдалптлосмтшгвебьмд,вдалптлосмтшгвебьмд,nonsense
446976,двеннбдцбтипёрстной,двеннбдцбтипёрстной,двеннбдцбтипёрстной,nonsense
447010,длтлдтдлтлдтлдтлдтт,длтлдтдлтлдтлдтлдтт,длтлдтдлтлдтлдтлдтт,nonsense
447143,зфсьярмыпаыэйзъммбц,зфсьярмыпаыэйзъммбц,зфсьярмыпаыэйзъммбц,nonsense
447171,интервьюируеруыющим,интервьюируеруыющим,#интер#вьюируеруыющим,nonsense
447638,недеывальвированных,недеывальвированных,#не#деывальв#ир#ова#нных,nonsense
447788,одноклассникиыильмы,одноклассникиыильмы,одноклассникиыильмы,nonsense
447957,полиграфпредприятии,полиграфпредприятии,полиграфпредприятии,nonsense
448025,ппролпврловпрлвполр,ппролпврловпрлвполр,ппролпврловпрлвполр,nonsense
448102,продемонстрироывать,продемонстрироывать,#про#демонстр#ир#оывать,nonsense
448145,прпрпрпрпрпрпринеси,прпрпрпрпрпрпринеси,прпрпрпрпрпрпринеси,nonsense
448239,рпшугцлюыщаэгщтююгч,рпшугцлюыщаэгщтююгч,рпшугцлюыщаэгщтююгч,nonsense
448257,ршшршршршшршршшршшр,ршшршршршшршршшршшр,ршшршршршшршршшршшр,nonsense
448279,саундсукафорджблядь,саундсукафорджблядь,саундсукафорджблядь,nonsense
448788,телекАналроссийским,телеканалроссийским,телекАналроссийским,nonsense
448866,устрашающимвзглядом,устрашающимвзглядом,устрашающимвзглядом,nonsense
448920,хваякекийчвгдлйсдфд,хваякекийчвгдлйсдфд,хваякекийчвгдлйсдфд,nonsense
448952,цухнжпёъэзаыруюйтец,цухнжпёъэзаыруюйтец,цухнжпёъэзаыруюйтец,nonsense
448983,ывмтоиывломрпвыломр,ывмтоиывломрпвыломр,ывмтоиывломрпвыломр,nonsense
448989,эзсдквфпдъачнаижчош,эзсдквфпдъачнаижчош,эзсдквфпдъачнаижчош,nonsense
449005,югфаббпЫЛЖЕблормлрз,югфаббпылжеблормлрз,югфаббпЫЛЖЕблормлрз,nonsense
449380,Росглавполиграфпрома,росглавполиграфпрома,Росглавполиграфпрома,nonsense
450179,даяфпаряткияжеговорю,даяфпаряткияжеговорю,даяфпаряткияжеговорю,nonsense
450276,дэывлфолжвыаилдывфтм,дэывлфолжвыаилдывфтм,дэывлфолжвыаилдывфтм,nonsense
450463,клавиатоыаовогшхыщащ,клавиатоыаовогшхыщащ,клавиатоыаовогшхыщащ,nonsense
450721,мнееаррафрплаыврпкур,мнееаррафрплаыврпкур,мнееаррафрплаыврпкур,nonsense
450934,общеобразоывательной,общеобразоывательной,#об#щеобразоыва#тель#ной,nonsense
451202,прваеорыжорпжыфпрывл,прваеорыжорпжыфпрывл,прваеорыжорпжыфпрывл,nonsense
451421,самореализоывываться,самореализоывываться,#само#ре#ализоывываться,nonsense
451984,фпищщерумедитировать,фпищщерумедитировать,фпищщерумедит#ир#овать,nonsense
452336,Мвыжжджыдваылаждывалп,мвыжжджыдваылаждывалп,Мвыжжджыдваылаждывалп,nonsense
453716,позитифпозитифпозитиф,позитифпозитифпозитиф,позитифпозитифпозитиф,nonsense
453749,поразглагольствоывать,поразглагольствоывать,поразгл#аг#оль#ств#оывать,nonsense
453939,свойавтографпомнименя,свойавтографпомнименя,свойавтографпомнименя,nonsense
454468,электроэнцефплограммы,электроэнцефплограммы,электроэнцефплограммы,nonsense
454697,Пиздецблядбнахуйфпесду,пиздецблядбнахуйфпесду,Пиздецблядбнахуйфпесду,nonsense
454868,авлдыаоывтыдваышщоалфы,авлдыаоывтыдваышщоалфы,авлдыаоывтыдваышщоалфы,nonsense
455015,бубубубукауптиыарвипоу,бубубубукауптиыарвипоу,бубубубукауптиыарвипоу,nonsense
455033,ваысокотехнологические,ваысокотехнологические,ваысокотехнолог#ическ#ие,nonsense
455899,равномерночередуыемыми,равномерночередуыемыми,равномерночередуыемыми,nonsense
456268,человрекоыредительское,человрекоыредительское,человрекоыреди#тель#ское,nonsense
456289,шкафповиснаодномгвозде,шкафповиснаодномгвозде,шкафповиснаодномгвозде,nonsense
456725,апливимзущиоывсщГиннесс,апливимзущиоывсщгиннесс,апливимзущиоывсщГиннесс,nonsense
457096,корпоратиыноорганизации,корпоратиыноорганизации,корпоратиыноорганизации,nonsense
457116,лдФоыовлФОывлджФОРывлоФ,лдфоыовлфоывлджфорывлоф,лдФоыовлФОывлджФОРывлоФ,nonsense
457342,оудопрракдмоыимруводлио,оудопрракдмоыимруводлио,оудопрракдмоыимруводлио,nonsense
457455,профпредрасположенность,профпредрасположенность,#про#фпредрасполож#енност#ь,nonsense
457981,Обьчжвбябяьяьяььялялиылд,обьчжвбябяьяьяььялялиылд,Обьчжвбябяьяьяььялялиылд,nonsense
458061,Фпакетфпакетфпакетфпакет,фпакетфпакетфпакетфпакет,Фпакетфпакетфпакетфпакет,nonsense
458250,говоритегоыоритегоыорите,говоритегоыоритегоыорите,говоритегоыоритегоыорите,nonsense
459591,попробуйгербалайфпомогает,попробуйгербалайфпомогает,попробуйгербалайфпомогает,nonsense
459631,профпригодностьориентацию,профпригодностьориентацию,#про#фпригодностьориентацию,nonsense
459859,АААААААААААААААААаыфяблпип,аыфяблпип,АААААААААААААААААаыфяблпип,nonsense
459897,Двларвларывфдавдаыраылаорв,двларвларывфдавдаыраылаорв,Двларвларывфдавдаыраылаорв,nonsense
460117,вышарылорплоырплоыфрваЫЩДФ,вышарылорплоырплоыфрваыщдф,#вы#шарылорплоырплоыфрваЫЩДФ,nonsense
460135,гыагыагыагагыагаыгыагыагыа,гыагыагыагагыагаыгыагыагыа,гыагыагы#аг#агы#аг#аыгыагыагыа,nonsense
460361,поаывлдполапывалдоывшпвалд,поаывлдполапывалдоывшпвалд,поаывлдполапывалдоывшпвалд,nonsense
460525,фхуйфхуйыфхуйбляцуканблять,фхуйфхуйыфхуйбляцуканблять,фхуйфхуйыфхуйбляцуканблять,nonsense
461403,гаыгыагыагыагыагыагыагыаггыа,гаыгыагыагыагыагыагыагыаггыа,гаыгыагыагыагыагыагыагыаггыа,nonsense
461922,жжывждроудопрракдмоыимруводлв,жжывждроудопрракдмоыимруводлв,жжывждроудопрракдмоыимруводлв,nonsense
461967,лврыпгцвадшзмыадыивадшмиыдвим,лврыпгцвадшзмыадыивадшмиыдвим,лврыпгцвадшзмыадыивадшмиыдвим,nonsense
462148,хавыавыаывавыавыавыавыавыавыа,хавыавыаывавыавыавыавыавыавыа,хавыавыаывавыавыавыавыавыавыа,nonsense
462198,ДЛФОДЛоваыждлаоывдлоывадлаыуво,длфодловаыждлаоывдлоывадлаыуво,ДЛФОДЛоваыждлаоывдлоывадлаыуво,nonsense
462279,авыфыавваыфыаввафываыфвафываыв,авыфыавваыфыаввафываыфвафываыв,авыфыавваыфыаввафываыфвафываыв,nonsense
462353,жжывждроудопрракдмоыимруводлио,жжывждроудопрракдмоыимруводлио,жжывждроудопрракдмоыимруводлио,nonsense
462686,аыаггагыагаыгыагыагыагыагыаггыа,аыаггагыагаыгыагыагыагыагыаггыа,аыаггагы#аг#аыгыагыагыагыагыаггыа,nonsense
462710,гаыаггыагыагыагыагыагыагыагыагы,гаыаггыагыагыагыагыагыагыагыагы,гаыаггыагыагыагыагыагыагыагыагы,nonsense
463658,жфйхцэеглумклубядфжцьапрельаыуепод,жфйхцэеглумклубядфжцьапрельаыуепод,жфйхцэеглумклубядфжцьапрельаыуепод,nonsense
463682,кпошдвкорщдкуылдыпяиркгщутидяылшав,кпошдвкорщдкуылдыпяиркгщутидяылшав,кпошдвкорщдкуылдыпяиркгщутидяылшав,nonsense
464149,навсегдаоставешеесявсердцеобещжитите,навсегдаоставешеесявсердцеобещжитите,навсегдаоставешеесявсердцеобещжитите,nonsense
464399,ятьмвщиыаофзвыфопавфщопщзахпкуцощпвыа,ятьмвщиыаофзвыфопавфщопщзахпкуцощпвыа,ятьмвщиыаофзвыфопавфщопщзахпкуцощпвыа,nonsense
464445,арегакначачанчацохпаытцарапайлатакутюн,арегакначачанчацохпаытцарапайлатакутюн,арегакначачанчацохпаытцарапайлатакутюн,nonsense
464581,Криаримирущгпракрирукапцворвыамавеоыпов,криаримирущгпракрирукапцворвыамавеоыпов,Криаримирущгпракрирукапцворвыамавеоыпов,nonsense
464613,аыаполдмролаомлаомяыжлорфылжыарфыжларит,аыаполдмролаомлаомяыжлорфылжыарфыжларит,аыаполдмролаомлаомяыжлорфылжыарфыжларит,nonsense
464861,яоаврпыоаоыпдкотпорыкужрпжыларпжтыпьыяав,яоаврпыоаоыпдкотпорыкужрпжыларпжтыпьыяав,яоаврпыоаоыпдкотпорыкужрпжыларпжтыпьыяав,nonsense
465251,опрекнадвоылириаоваедынетбудувсеотиокдулджзи,опрекнадвоылириаоваедынетбудувсеотиокдулджзи,опрекнадвоыл#ир#иа#ова#едынетбудувсеотиокдулджзи,nonsense
465620,лджьхэшщгиенакуыфйшрепортажэждорлафывюефбьконкурс,лджьхэшщгиенакуыфйшрепортажэждорлафывюефбьконкурс,лджьхэшщгиенакуыфйшрепортажэждорлафывюефбьконкурс,nonsense
465647,ычапрмоолдюотриосвчяыкенрполирпсапчвукыкусрлоитло,ычапрмоолдюотриосвчяыкенрполирпсапчвукыкусрлоитло,ычапрмоолдюотриосвчяыкенрполирпсапчвукыкусрлоитло,nonsense
465678,арвыофлюыоваилоываифывоаиДОЫВАДЛОФЫВИАЛИлоилямовис,арвыофлюыоваилоываифывоаидоывадлофывиалилоилямовис,арвыофлюыоваилоываифывоаиДОЫВАДЛОФЫВИАЛИлоилямовис,nonsense
465805,иыщжозщЖЬОЗЖЩДГУЩШЕПОЫЛПТЛЫКТПЛЧАВТЛАЧЫДИЬЫАЛДРПЫДОт,иыщжозщжьозжщдгущшепоылптлыктплчавтлачыдиьыалдрпыдот,иыщжозщЖЬОЗЖЩДГУЩШЕПОЫЛПТЛЫКТПЛЧАВТЛАЧЫДИЬЫАЛДРПЫДОт,nonsense
466849,ыгыагыагаыгыагыагыагаыгыаггаыгаыгыагаыгаыгаыгаыгаыгаыгыагагыагыагыагыаггагыагаыгагыагыагыагаыгыагыагаггаыгыагыагыагыагыагыагыагыагыагыагыагыагыагыаг,ыгыагыагаыгыагыагыагаыгыаггаыгаыгыагаыгаыгаыгаыгаыгаыгыагагыагыагыагыаггагыагаыгагыагыагыагаыгыагыагаггаыгыагыагыагыагыагыагыагыагыагыагыагыагыагыаг,ыгыагы#аг#аыгыагыагы#аг#аыгыагга#ыг#аыгы#аг#а#ыг#а#ыг#а#ыг#а#ыг#а#ыг#аыгы#аг#агыагыагыагыаггагы#аг#а#ыг#агыагыагы#аг#аыгыагы#аг#аггаыгыагыагыагыагыагыагыагыагыагыагыагыагыагыаг,nonsense
